Item No.,Description,Image URL
12401,15th century table,https://www.anticstore.com/DocBD/commerce/antiquaire/galerie-gabrielle-laroche-843/objet/89149/AnticStore-Large-Ref-89149.jpg
12414,16th century sofa,https://a.1stdibscdn.com/archivesE/upload/1121189/f_271740921643811588248/27174092_datamatics.jpeg?disable=upscale&auto=webp&quality=60&width=1318
12456,17th century chair,https://a.1stdibscdn.com/antique-french-louis-xiii-armchair-in-solid-walnut-original-upholstery-17th-c-for-sale/f_56862/f_270463821643027897641/f_27046382_1643027898292_bg_processed.jpg?disable=upscale&auto=webp&quality=60&width=1318
12471,17th century chair,https://a.1stdibscdn.com/armchair-swedish-early-baroque-period-gilt-leather-sweden-for-sale/f_8829/f_268226721641633417329/f_26822672_1641633418354_bg_processed.jpg?disable=upscale&auto=webp&quality=60&width=1318
12502,17th century chair,https://a.1stdibscdn.com/archivesE/upload/1121189/f_135909121549611098030/13590912_master.jpg?disable=upscale&auto=webp&quality=60&width=1318
12517,Gold Sovereign Coin 1972,https://www.bullionbypost.co.uk/media/cache-bbp/75/69/7569553412f4c3eb93f003cce62cdd90.jpg
12522,Double Gold Sovereign Coin 1980,https://onlinecoin.club/images/coins/United_Kingdom/fd83d0be-f5ae-4cd9-912b-0743de62b5ba.jpg
12537,Half Sovereign Gold Coin 1997,https://www.royalmint.com/globalassets/__rebrand/_structure/shop/editions/_historic-coins/_product-image/hishso97-1997-half-sovereign-obverse.jpg
12540,Gold Sovereign Coin 1973,https://d3h9wgial7chxw.cloudfront.net/products/1142/main/1973-gold-uncirculated-full-sovereign-elizabeth-ii-coin-single-isle-of-man-pobjoy-mint-second-portrait-1.jpg
12542,Gold Sovereign Coin 1974,https://d3h9wgial7chxw.cloudfront.net/products/5997/main/1974-gold-uncirculated-full-sovereign-elizabeth-ii-coin-single-united-kingdom-the-royal-mint-second-portrait-21432.jpg
12547,Gold Sovereign Coin 1973,https://www.bullionbypost.co.uk/media/cache-bbp/90/64/90644afaee97bb29d361681fdaabfa72.jpg
12564,Gold Sovereign Coin 1972,https://d3h9wgial7chxw.cloudfront.net/products/15518/main/1972-gold-sovereign-coin-reverse-does-not-exist.jpg
12567,Half Sovereign Gold Coin 1928,https://goldsovereigns.co.uk/images/1928sasovereignweakreverseobv400.jpg
12568,Gold Sovereign Coin 1928,https://d3h9wgial7chxw.cloudfront.net/products/5985/main/1928-gold-graded-full-sovereign-george-v-coin-single-united-kingdom-pretoria-mint-24037.jpg
12570,Silver American Eagle coin 1979,https://s3.amazonaws.com/ngccoin-production/us-coin-explorer-category/4708471-016r.jpg
12571,Silver American Eagle coin 1982,https://i0.wp.com/coinsblog.ws/wp-content/uploads/2020/05/2020-american-eagle-silver-one-ounce-bullion-coin-reverse.jpg
12582,16th century sofa French,https://cdn.incollect.com/sites/default/files/thumb/FRENCH-19TH-CENTURY-ORIGINAL-PAINTWORK-SECOND-EMPIRE-MARQUISE-LOVESEAT-SOFA-425818-1757205.jpg
12584,17th century Chinese Porcelaine Vase,https://vistaalegre.com/international/content/images/thumbs/0004127_pt-margao-jarra-tome.jpeg
12589,18th century Chinese Porcelaine Vase,https://www.anticstore.com/DocBD/commerce/antiquaire/bertrand-de-lavergne-829/objet/71438/AnticStore-Large-Ref-71438.jpg
12590,18th century Chinese Porcelaine Vase,https://news.artnet.com/app/news-upload/2020/06/1249768.jpg
12591,19th century Chinese Porcelaine Vase,https://a.1stdibscdn.com/archivesE/upload/1121189/f_132043211549510030777/13204321_master.jpg?disable=upscale&auto=webp&quality=60&width=1318
12595,Antique double wardrobe Victorian era,https://cotswoldco-cdn.azureedge.net/products/237.002_tpkjayc3.6.jpg
12596,Antique double wardrobe Edwardian era,https://assets-vinterior-0.vinterior.co/uploads/listing_image/image/7389319/large_art-deco-burr-walnut-double-wardrobe-sku67090434_0.jpg
12670,1oz Australian Kangaroo Gold coin 1999,https://www.bullionbypost.co.uk/media/cache-bbp/95/ae/95aee8dd5d9ab1d97b5caf381a21e10a.jpg
12671,1oz Australian Kangaroo Gold coin 2000,https://www.bullionbypost.co.uk/media/cache-bbp/72/66/7266e41bd8aa33de36d978a9bd16773b.jpg
12672,1oz Australian Kangaroo Gold coin 2002,https://www.bullionbypost.co.uk/media/cache-bbp/98/2a/982af590fb9a30f449e5ef386379d25f.jpg
12675,1oz Australian Kangaroo Gold coin 2005,https://www.bullionbypost.co.uk/media/cache-bbp/12/6e/126e58649e91070b3b8d605892f6a62d.jpg
12700,Antique oak coffee table 1930,https://antiquefurnituredirect.co.uk/wp-content/uploads/2019/11/IMG_9106.jpg
12701,Antique arm chair with original tapestry 1927,https://a.1stdibscdn.com/19th-century-french-louis-xvi-painted-needlepoint-armchair-for-sale/f_9262/f_256468321633725637636/f_25646832_1633725637962_bg_processed.jpg?disable=upscale&auto=webp&quality=60&width=1318
12704,Lacquered Chinese dinning table 1903,https://a.1stdibscdn.com/archivesE/upload/9377/04_15/1676682/1676682_l.jpeg
12705,Lacquered Chinese dinning chair 1903,https://a.1stdibscdn.com/archivesE/upload/1121189/f_138217711551518205580/13821771_master.jpg
12706,Lacquered Chinese dinning chair 1903,https://encrypted-tbn0.gstatic.com/images?q=tbn:ANd9GcRAwaD99vERxMzqh3oEaKP7i8uv-3wrNoUa7A&usqp=CAU
12707,Lacquered Chinese dinning chair 1903,https://cdn2.bigcommerce.com/server3500/10b89/products/2689/images/11236/199.3__54047.1576001619.1280.1280.jpg?c=2
12709,Lacquered Chinese dinning chair 1903,https://d7hftxdivxxvm.cloudfront.net/?resize_to=fit&width=800&height=800&quality=80&src=https%3A%2F%2Fd32dm0rphc51dk.cloudfront.net%2FbZ7aMI3T60MCmiAPb0hYFA%2Fnormalized.jpg
12710,Lacquered Chinese dinning chair 1903,https://media.mutualart.com/Images/2021_07/29/05/050237414/e50cfbc7-ba75-4187-a823-48df85e6b2b6_570.Jpeg
12717,Canadian oak writing desk 1922,https://encrypted-tbn0.gstatic.com/images?q=tbn:ANd9GcQ-_1sBDsZIMgNUd-C_32PTukDtJey2MSEvw_T8CbdbJfIzX0LHtEVnjnJVgG2wGR0hmLM&usqp=CAU
12718,Canadian oak writing desk 1925,https://a.1stdibscdn.com/archivesE/upload/1121189/f_264336221638983175579/26433622_datamatics.jpg?width=768
12719,Canadian oak filing cabinet 1925,https://i.etsystatic.com/15053930/r/il/4d22dc/2819259245/il_570xN.2819259245_gkka.jpg
12720,Canadian oak filing cabinet 1925,https://cdn20.pamono.com/p/g/9/2/926039_79yzkkrxu8/large-antique-archive-filing-cabinet-4.jpg
12721,Canadian oak desk chair 1925,https://a.1stdibscdn.com/archivesE/upload/1121189/f_250290521629962262821/25029052_datamatics.jpg
12722,Canadian oak desk chair 1925,https://a.1stdibscdn.com/antique-swivel-oak-desk-chair-circa-1940-for-sale/1121189/f_240723621623269109936/24072362_master.jpg?width=768
12723,Canadian oak writing desk 1922,https://images.selency.com/1a777e51-26e7-41eb-bea9-4894efcadbd3/vintage-office-m-i-m-siam-1922_original.png?bg_color=0FFF&bg=0FFF&fit=fill&func=fit&auto=format%2Ccompress&w=600&h=600&meta_format=product_og
12724,Canadian oak writing desk 1922,https://cdn20.pamono.com/p/g/1/0/1013784_sqvr1melll/brass-gallery-burr-amboyna-wood-gillow-breakfront-library-desk-1.jpg
12725,Canadian oak bookcase 1924,https://cdn20.pamono.com/p/g/1/0/1007204_wrh1qmbkqd/victorian-burr-oak-bookcase-from-reid-and-sons-1.jpg
12726,Canadian oak bookcase 1924,https://tudor-oak.co.uk/wp-content/uploads/410-gw-6000-4g-600x600.jpg?x50909
12727,Canadian oak desk chair 1922,https://www.officeboffins.co.uk/media/img/shop/srcpd/003994.jpg
12800,Canadian $100 Gold Maple leaf coin 1958,https://assets.goldavenue.com/uploads/subcategory/image/14/CD-AU-2.jpg
12801,Canadian $100 Gold Maple leaf coin 1958,https://d3h9wgial7chxw.cloudfront.net/products/15451/main/2022-gold-maple-leaf-1-oz-bullion-coin-reverse.jpg
12802,Canadian $100 Gold Maple leaf coin 1959,https://www.bullionbypost.co.uk/media/cache-bbp/7e/16/7e160242eb1d1247f7106032c592aef2.jpg
12804,Canadian $100 Gold Maple leaf coin 1959,https://www.bullionbypost.co.uk/media/cache-bbp/7e/16/7e160242eb1d1247f7106032c592aef2.jpg
12805,Canadian $100 Gold Maple leaf coin 1960,https://d3h9wgial7chxw.cloudfront.net/products/2111/thumbnail_sml/1980-gold-proof-kayak-100-coin-single-canada-1.jpg
12806,Canadian $100 Gold Maple leaf coin 1960,https://d3h9wgial7chxw.cloudfront.net/products/2111/thumbnail_sml/1980-gold-proof-kayak-100-coin-single-canada-2.jpg
12807,Canadian $100 Gold Maple leaf coin 1960,https://d3h9wgial7chxw.cloudfront.net/products/2111/thumbnail_sml/1980-gold-proof-kayak-100-coin-single-canada-3.jpg
12810,Canadian $100 Gold Maple leaf coin 1951,https://d3h9wgial7chxw.cloudfront.net/products/15451/main/2022-gold-maple-leaf-1-oz-bullion-coin-reverse.jpg
